{"cameraMode":{"drawMode":0,"name":"Shaded","section":"Shading Mode"},"sceneLighting":false,"audioPlay":false,"sceneViewState":{"showFog":true,"showMaterialUpdate":false,"showSkybox":false,"showFlares":true,"showImageEffects":true,"showParticleSystems":true},"in2DMode":false,"pivot":{"x":4.945674419403076,"y":2.3490326404571535,"z":0.7743252515792847},"rotation":{"x":0.003952814731746912,"y":-0.9792179465293884,"z":0.20196633040905,"w":0.01971394754946232},"size":5.100017547607422,"orthographic":false}