{"cameraMode":{"drawMode":0,"name":"Shaded","section":"Shading Mode"},"sceneLighting":false,"audioPlay":false,"sceneViewState":{"showFog":true,"showMaterialUpdate":false,"showSkybox":false,"showFlares":true,"showImageEffects":true,"showParticleSystems":true},"in2DMode":false,"pivot":{"x":11.653018951416016,"y":22.121726989746095,"z":0.8684616088867188},"rotation":{"x":0.26703137159347536,"y":-0.004034740384668112,"z":0.0011272701667621732,"w":0.9636943936347961},"size":4.732050895690918,"orthographic":false}