{"cameraMode":{"drawMode":0,"name":"Shaded","section":"Shading Mode"},"sceneLighting":false,"audioPlay":false,"sceneViewState":{"showFog":true,"showMaterialUpdate":false,"showSkybox":false,"showFlares":true,"showImageEffects":true,"showParticleSystems":true},"in2DMode":false,"pivot":{"x":2.1482937335968019,"y":0.619430661201477,"z":-40.905799865722659},"rotation":{"x":0.16301752626895905,"y":-0.2714060842990875,"z":0.046699851751327518,"w":0.9474086761474609},"size":1.5339410305023194,"orthographic":false}