{"cameraMode":{"drawMode":0,"name":"Shaded","section":"Shading Mode"},"sceneLighting":false,"audioPlay":false,"sceneViewState":{"showFog":true,"showMaterialUpdate":false,"showSkybox":false,"showFlares":true,"showImageEffects":true,"showParticleSystems":true},"in2DMode":false,"pivot":{"x":-0.07000017166137696,"y":2.8241288661956789,"z":-50.0},"rotation":{"x":-0.004176200367510319,"y":-0.9911363124847412,"z":0.12888188660144807,"w":-0.0321173369884491},"size":6.0073957443237309,"orthographic":false}