{"cameraMode":{"drawMode":0,"name":"Shaded","section":"Shading Mode"},"sceneLighting":false,"audioPlay":false,"sceneViewState":{"showFog":true,"showMaterialUpdate":false,"showSkybox":false,"showFlares":true,"showImageEffects":true,"showParticleSystems":true},"in2DMode":false,"pivot":{"x":-0.42662090063095095,"y":-0.7230973243713379,"z":0.4805554151535034},"rotation":{"x":-0.03157869726419449,"y":0.7640091776847839,"z":-0.6433917284011841,"w":-0.0377056859433651},"size":2.0660252571105959,"orthographic":false}