{"cameraMode":{"drawMode":0,"name":"Shaded","section":"Shading Mode"},"sceneLighting":false,"audioPlay":false,"sceneViewState":{"showFog":true,"showMaterialUpdate":false,"showSkybox":false,"showFlares":true,"showImageEffects":true,"showParticleSystems":true},"in2DMode":false,"pivot":{"x":-1.6940405368804932,"y":2.3258419036865236,"z":-41.46086120605469},"rotation":{"x":-0.0127379996702075,"y":-0.75697922706604,"z":-0.01476297341287136,"w":0.6531479954719544},"size":3.809584140777588,"orthographic":false}