{"cameraMode":{"drawMode":0,"name":"Shaded","section":"Shading Mode"},"sceneLighting":false,"audioPlay":false,"sceneViewState":{"showFog":true,"showMaterialUpdate":false,"showSkybox":false,"showFlares":true,"showImageEffects":true,"showParticleSystems":true},"in2DMode":false,"pivot":{"x":5.640368461608887,"y":-5.501565456390381,"z":-1.317763090133667},"rotation":{"x":-0.21850182116031648,"y":-0.7649611830711365,"z":0.32823750376701357,"w":-0.5093150734901428},"size":6.367968559265137,"orthographic":false}