{"cameraMode":{"drawMode":0,"name":"Shaded","section":"Shading Mode"},"sceneLighting":false,"audioPlay":false,"sceneViewState":{"showFog":true,"showMaterialUpdate":false,"showSkybox":false,"showFlares":true,"showImageEffects":true,"showParticleSystems":true},"in2DMode":false,"pivot":{"x":1.3153431415557862,"y":2.854274034500122,"z":-40.615882873535159},"rotation":{"x":0.36915430426597597,"y":-0.18629078567028047,"z":0.07579272240400315,"w":0.9073464274406433},"size":1.061554193496704,"orthographic":false}