{"cameraMode":{"drawMode":0,"name":"Shaded","section":"Shading Mode"},"sceneLighting":false,"audioPlay":false,"sceneViewState":{"showFog":true,"showMaterialUpdate":false,"showSkybox":false,"showFlares":true,"showImageEffects":true,"showParticleSystems":true},"in2DMode":false,"pivot":{"x":2.683272123336792,"y":1.4774199724197388,"z":-39.93712615966797},"rotation":{"x":-0.0493866428732872,"y":-0.7950071096420288,"z":0.06521887332201004,"w":-0.601095974445343},"size":3.1731760501861574,"orthographic":false}