{"cameraMode":{"drawMode":0,"name":"Shaded","section":"Shading Mode"},"sceneLighting":false,"audioPlay":false,"sceneViewState":{"showFog":true,"showMaterialUpdate":false,"showSkybox":false,"showFlares":true,"showImageEffects":true,"showParticleSystems":true},"in2DMode":false,"pivot":{"x":0.6164163947105408,"y":-0.08838620781898499,"z":-0.5606397390365601},"rotation":{"x":-0.24583914875984193,"y":0.7324403524398804,"z":-0.33316662907600405,"w":-0.5404580235481262},"size":1.7557487487792969,"orthographic":false}